;;;;;;;;;;;
;;;;;;;;;;;
;;;;;;;;;;;
;;;;;;;;;;;
Tính năng;DE - Dữ liệu giao dịch - Ngành & Chỉ số;;;;;;;;;;
Ngày trích xuất;17/11/25;;;;;;;;;;
;;;;;;;;;;;
;;VNINDEX;;;;;;;;;
STT;Ngày;"Index đóng cửa (D)
Đơn vị: Điểm";;;;;;;;;
1;11/14/2025;1.635,46;;;;;;;;;
2;11/13/2025;1.631,44;;;;;;;;;
3;11/12/2025;1.631,86;;;;;;;;;
4;11/11/2025;1.593,61;;;;;;;;;
5;11/10/2025;1.580,54;;;;;;;;;
6;11/07/2025;1.599,10;;;;;;;;;
7;11/06/2025;1.642,64;;;;;;;;;
8;11/05/2025;1.654,89;;;;;;;;;
9;11/04/2025;1.651,98;;;;;;;;;
10;11/03/2025;1.617,00;;;;;;;;;
11;10/31/2025;1.639,65;;;;;;;;;
12;10/30/2025;1.669,57;;;;;;;;;
13;10/29/2025;1.685,83;;;;;;;;;
14;10/28/2025;1.680,50;;;;;;;;;
15;10/27/2025;1.652,54;;;;;;;;;
16;10/24/2025;1.683,18;;;;;;;;;
17;10/23/2025;1.687,06;;;;;;;;;
18;10/22/2025;1.678,50;;;;;;;;;
19;10/21/2025;1.663,43;;;;;;;;;
20;10/20/2025;1.636,43;;;;;;;;;
21;10/17/2025;1.731,19;;;;;;;;;
22;10/16/2025;1.766,85;;;;;;;;;
23;10/15/2025;1.757,95;;;;;;;;;
24;10/14/2025;1.761,06;;;;;;;;;
25;10/13/2025;1.765,12;;;;;;;;;
26;10/10/2025;1.747,55;;;;;;;;;
27;10/09/2025;1.716,47;;;;;;;;;
28;10/08/2025;1.697,83;;;;;;;;;
29;10/07/2025;1.685,30;;;;;;;;;
30;10/06/2025;1.695,50;;;;;;;;;
31;10/03/2025;1.645,82;;;;;;;;;
32;10/02/2025;1.652,71;;;;;;;;;
33;10/01/2025;1.665,05;;;;;;;;;
34;09/30/2025;1.661,70;;;;;;;;;
35;09/29/2025;1.666,48;;;;;;;;;
36;09/26/2025;1.660,70;;;;;;;;;
37;09/25/2025;1.666,09;;;;;;;;;
38;09/24/2025;1.657,46;;;;;;;;;
39;09/23/2025;1.635,26;;;;;;;;;
40;09/22/2025;1.634,45;;;;;;;;;
41;09/19/2025;1.658,62;;;;;;;;;
42;09/18/2025;1.665,18;;;;;;;;;
43;09/17/2025;1.670,97;;;;;;;;;
44;09/16/2025;1.680,90;;;;;;;;;
45;09/15/2025;1.684,90;;;;;;;;;
46;09/12/2025;1.667,26;;;;;;;;;
47;09/11/2025;1.657,75;;;;;;;;;
48;09/10/2025;1.643,26;;;;;;;;;
49;09/09/2025;1.637,32;;;;;;;;;
50;09/08/2025;1.624,53;;;;;;;;;
51;09/05/2025;1.666,97;;;;;;;;;
52;09/04/2025;1.696,29;;;;;;;;;
53;09/03/2025;1.681,30;;;;;;;;;
54;08/29/2025;1.682,21;;;;;;;;;
55;08/28/2025;1.680,86;;;;;;;;;
56;08/27/2025;1.672,78;;;;;;;;;
57;08/26/2025;1.667,63;;;;;;;;;
58;08/25/2025;1.614,03;;;;;;;;;
59;08/22/2025;1.645,47;;;;;;;;;
60;08/21/2025;1.688,00;;;;;;;;;
61;08/20/2025;1.664,36;;;;;;;;;
62;08/19/2025;1.654,20;;;;;;;;;
63;08/18/2025;1.636,37;;;;;;;;;
64;08/15/2025;1.630,00;;;;;;;;;
65;08/14/2025;1.640,69;;;;;;;;;
66;08/13/2025;1.611,60;;;;;;;;;
67;08/12/2025;1.608,22;;;;;;;;;
68;08/11/2025;1.596,86;;;;;;;;;
69;08/08/2025;1.584,95;;;;;;;;;
70;08/07/2025;1.581,81;;;;;;;;;
71;08/06/2025;1.573,71;;;;;;;;;
72;08/05/2025;1.547,15;;;;;;;;;
73;08/04/2025;1.528,19;;;;;;;;;
74;08/01/2025;1.495,21;;;;;;;;;
75;07/31/2025;1.502,52;;;;;;;;;
76;07/30/2025;1.507,63;;;;;;;;;
77;07/29/2025;1.493,41;;;;;;;;;
78;07/28/2025;1.557,42;;;;;;;;;
79;07/25/2025;1.531,13;;;;;;;;;
80;07/24/2025;1.521,02;;;;;;;;;
81;07/23/2025;1.512,31;;;;;;;;;
82;07/22/2025;1.509,54;;;;;;;;;
83;07/21/2025;1.485,05;;;;;;;;;
84;07/18/2025;1.497,28;;;;;;;;;
85;07/17/2025;1.490,01;;;;;;;;;
86;07/16/2025;1.475,47;;;;;;;;;
87;07/15/2025;1.460,65;;;;;;;;;
88;07/14/2025;1.470,42;;;;;;;;;
89;07/11/2025;1.457,76;;;;;;;;;
90;07/10/2025;1.445,64;;;;;;;;;
91;07/09/2025;1.431,32;;;;;;;;;
92;07/08/2025;1.415,46;;;;;;;;;
93;07/07/2025;1.402,06;;;;;;;;;
94;07/04/2025;1.386,97;;;;;;;;;
95;07/03/2025;1.381,96;;;;;;;;;
96;07/02/2025;1.384,59;;;;;;;;;
97;07/01/2025;1.377,84;;;;;;;;;
98;06/30/2025;1.376,07;;;;;;;;;
99;06/27/2025;1.371,44;;;;;;;;;
100;06/26/2025;1.365,67;;;;;;;;;
101;06/25/2025;1.366,75;;;;;;;;;
102;06/24/2025;1.366,77;;;;;;;;;
103;06/23/2025;1.358,18;;;;;;;;;
104;06/20/2025;1.349,35;;;;;;;;;
105;06/19/2025;1.352,04;;;;;;;;;
106;06/18/2025;1.346,83;;;;;;;;;
107;06/17/2025;1.347,69;;;;;;;;;
108;06/16/2025;1.338,11;;;;;;;;;
109;06/13/2025;1.315,49;;;;;;;;;
110;06/12/2025;1.322,99;;;;;;;;;
111;06/11/2025;1.315,20;;;;;;;;;
112;06/10/2025;1.316,23;;;;;;;;;
113;06/09/2025;1.310,57;;;;;;;;;
114;06/06/2025;1.329,89;;;;;;;;;
115;06/05/2025;1.342,09;;;;;;;;;
116;06/04/2025;1.345,74;;;;;;;;;
117;06/03/2025;1.347,25;;;;;;;;;
118;06/02/2025;1.336,30;;;;;;;;;
119;05/30/2025;1.332,60;;;;;;;;;
120;05/29/2025;1.341,86;;;;;;;;;
121;05/28/2025;1.341,87;;;;;;;;;
122;05/27/2025;1.339,81;;;;;;;;;
123;05/26/2025;1.332,51;;;;;;;;;
124;05/23/2025;1.314,46;;;;;;;;;
125;05/22/2025;1.313,84;;;;;;;;;
126;05/21/2025;1.323,05;;;;;;;;;
127;05/20/2025;1.315,15;;;;;;;;;
128;05/19/2025;1.296,29;;;;;;;;;
129;05/16/2025;1.301,39;;;;;;;;;
130;05/15/2025;1.313,20;;;;;;;;;
131;05/14/2025;1.309,73;;;;;;;;;
132;05/13/2025;1.293,43;;;;;;;;;
133;05/12/2025;1.283,26;;;;;;;;;
134;05/09/2025;1.267,30;;;;;;;;;
135;05/08/2025;1.269,80;;;;;;;;;
136;05/07/2025;1.250,37;;;;;;;;;
137;05/06/2025;1.241,95;;;;;;;;;
138;05/05/2025;1.240,05;;;;;;;;;
139;04/29/2025;1.226,30;;;;;;;;;
140;04/28/2025;1.226,80;;;;;;;;;
141;04/25/2025;1.229,23;;;;;;;;;
142;04/24/2025;1.223,35;;;;;;;;;
143;04/23/2025;1.211,00;;;;;;;;;
144;04/22/2025;1.197,13;;;;;;;;;
145;04/21/2025;1.207,07;;;;;;;;;
146;04/18/2025;1.219,12;;;;;;;;;
147;04/17/2025;1.217,25;;;;;;;;;
148;04/16/2025;1.210,30;;;;;;;;;
149;04/15/2025;1.227,79;;;;;;;;;
150;04/14/2025;1.241,44;;;;;;;;;
151;04/11/2025;1.222,46;;;;;;;;;
152;04/10/2025;1.168,34;;;;;;;;;
153;04/09/2025;1.094,30;;;;;;;;;
154;04/08/2025;1.132,79;;;;;;;;;
155;04/04/2025;1.210,67;;;;;;;;;
156;04/03/2025;1.229,84;;;;;;;;;
157;04/02/2025;1.317,83;;;;;;;;;
158;04/01/2025;1.317,33;;;;;;;;;
159;03/31/2025;1.306,86;;;;;;;;;
160;03/28/2025;1.317,46;;;;;;;;;
161;03/27/2025;1.323,81;;;;;;;;;
162;03/26/2025;1.326,09;;;;;;;;;
163;03/25/2025;1.331,92;;;;;;;;;
164;03/24/2025;1.330,32;;;;;;;;;
165;03/21/2025;1.321,88;;;;;;;;;
166;03/20/2025;1.323,93;;;;;;;;;
167;03/19/2025;1.324,63;;;;;;;;;
168;03/18/2025;1.330,97;;;;;;;;;
169;03/17/2025;1.336,26;;;;;;;;;
170;03/14/2025;1.326,15;;;;;;;;;
171;03/13/2025;1.326,27;;;;;;;;;
172;03/12/2025;1.334,41;;;;;;;;;
173;03/11/2025;1.332,54;;;;;;;;;
174;03/10/2025;1.330,28;;;;;;;;;
175;03/07/2025;1.326,05;;;;;;;;;
176;03/06/2025;1.318,22;;;;;;;;;
177;03/05/2025;1.304,71;;;;;;;;;
178;03/04/2025;1.311,91;;;;;;;;;
179;03/03/2025;1.309,37;;;;;;;;;
180;02/28/2025;1.305,36;;;;;;;;;
181;02/27/2025;1.307,80;;;;;;;;;
182;02/26/2025;1.302,96;;;;;;;;;
183;02/25/2025;1.303,16;;;;;;;;;
184;02/24/2025;1.304,56;;;;;;;;;
185;02/21/2025;1.296,75;;;;;;;;;
186;02/20/2025;1.292,98;;;;;;;;;
187;02/19/2025;1.288,56;;;;;;;;;
188;02/18/2025;1.278,14;;;;;;;;;
189;02/17/2025;1.272,72;;;;;;;;;
190;02/14/2025;1.276,08;;;;;;;;;
191;02/13/2025;1.270,35;;;;;;;;;
192;02/12/2025;1.266,91;;;;;;;;;
193;02/11/2025;1.268,45;;;;;;;;;
194;02/10/2025;1.263,26;;;;;;;;;
195;02/07/2025;1.275,20;;;;;;;;;
196;02/06/2025;1.271,48;;;;;;;;;
197;02/05/2025;1.269,61;;;;;;;;;
198;02/04/2025;1.264,68;;;;;;;;;
199;02/03/2025;1.253,03;;;;;;;;;
200;01/24/2025;1.265,05;;;;;;;;;
201;01/23/2025;1.259,63;;;;;;;;;
202;01/22/2025;1.242,53;;;;;;;;;
203;01/21/2025;1.246,09;;;;;;;;;
204;01/20/2025;1.249,55;;;;;;;;;
205;01/17/2025;1.249,11;;;;;;;;;
206;01/16/2025;1.242,36;;;;;;;;;
207;01/15/2025;1.236,18;;;;;;;;;
208;01/14/2025;1.229,07;;;;;;;;;
209;01/13/2025;1.235,65;;;;;;;;;
210;01/10/2025;1.230,48;;;;;;;;;
211;01/09/2025;1.245,77;;;;;;;;;
212;01/08/2025;1.251,02;;;;;;;;;
213;01/07/2025;1.246,95;;;;;;;;;
214;01/06/2025;1.246,35;;;;;;;;;
215;01/03/2025;1.254,59;;;;;;;;;
216;01/02/2025;1.269,71;;;;;;;;;
;;;;;;;;;;;
;;;;;;;;;;;
Contact;;;;;;;;;;;
CÔNG TY CỔ PHẦN FIINGROUP VIỆT NAM;;;;;;;;;;;
Trụ sở: Tầng 10, Tòa nhà PeakView, 36 Hoàng Cầu, Đống Đa, Hà Nội, Việt Nam;;;;;;;;;;;
Chi nhánh: Tầng 16, Tòa nhà Bitexco Financial Tower, số 2 Hải Triều , Phường Bến Nghé, Quận 1, TP. Hồ Chí Minh, Việt Nam;;;;;;;;;;;
Website: https://fiingroup.vn;;;;;;;;;;;
;;;;;;;;;;;
TRUNG TÂM CHĂM SÓC KHÁCH HÀNG;;;;;;;;;;;
T: (84-24) - 3562 6962 - Ext: 103;;;;;;;;;;;
Email: fiinpro.support@fiingroup.vn;;;;;;;;;;;